ID,w_self,w_loss,b,w_empathy,w_urgency,beta,neg_llh,r2
60cb3c4b9454f7a196355088,1.0,3.351836972927494,0.6570329243219921,-1.0,-1.0,0.9738149672786136,24.165311693480295,0.2885066256791816
665c989703b2609ce0e958ad,0.06755305176621523,-0.6012487748546439,0.4939558562071809,0.2142521888776196,-0.7070559519737745,5.761573207198128,24.71846915857425,0.2867757425311628
5a7920bb5292b8000122899e,0.8465275815708055,9.309138280920315,3.952237645769842,-1.0,-1.0,0.443159713827006,26.562644636886414,0.2179225369279214
648646988a5170373da06a9e,0.3066046327818904,1.759684573337344,0.543862564740242,-0.07819829606300499,1.0,7.181105550033663,18.56276698655863,0.4534609821084592
6634e6202da0719ae4ec6455,1.0,2.1407010249569938,0.9255466925814688,-1.0,-0.37376581351149535,1.1948482835143353,28.009781251528427,0.1918085498407055
6646e456d8f747b7fb0a76b3,0.08003056810227839,-0.2483683214288561,0.05669380339567737,0.7709885172003649,-0.4595172584497934,7.843083163922187,17.145060426776645,0.4952021703377085
654dc6da0fc827b2e98ad492,0.7484017119470432,3.0713347522312007,1.814501314130898,-1.0,0.5972384087891227,0.8445691261729303,30.594862726553924,0.09920292383106255
669b009cf57b80f6dfb2e433,1.0,-0.5381971523400255,10.0,1.0,1.0,0.0,33.9632318572372,2.8853612282331298e-05
60dd09edc00654d72f6259b3,0.572431979861892,1.5260583185067083,-0.08211791463953767,0.970555975376609,-0.0670535896473415,4.085040409249633,22.299775233145372,0.3434331603714825
66bf4e9bb19d166a02bd33df,0.0,-0.6689081450397897,0.5247088879815566,-0.36001242730965705,-0.08070283116002978,9.82410503314666,19.178337554688657,0.43533688810930826
53987712fdf99b68e3a45021,1.0,-1.1738110288490387,10.0,1.0,1.0,0.0,33.9632318572372,2.8853612282331298e-05
66481194550ddf2d298a31e7,0.6925023993441806,1.5243651106188996,0.33020702940723357,1.0,-1.0,3.337561064473684,19.435071995907204,0.42777791861601444
650da97f0e8d1e74d590dc2e,0.4116482033862329,1.4016715009719936,-0.02686872436159812,1.0,0.20240199832639974,6.939110950316258,17.18348025176768,0.483530796990861
66448e4a23f9fcc745fdf22e,1.0,-1.7821187478566987,10.0,1.0,1.0,0.0,33.9632318572372,2.8853612282331298e-05
6667efcb8f738fa4f10c8b2b,0.8515886942008045,2.3898655099634993,0.1034509986159418,0.6923268461188692,-1.0,1.8091596939082044,22.963693450872434,0.3238855783251423
63ea5da3ed6f566affd005dd,1.0,-2.7342545460746477,10.0,1.0,1.0,0.0,33.27010467647725,2.8853612282331298e-05
5ac4c721e1099600016a823b,0.4995386351317771,10.0,6.290900769327593,-1.0,-1.0,0.5375031818679187,22.252849724915063,0.34481477665750415
603e370c5ed1c2db2c3bde24,0.0,-0.5818900875150198,0.7118436956369777,-1.0,-0.005602204436460298,5.017073051060749,17.581338956674646,0.4823569280615826
62dc761564191bc28a87e7c7,1.0,1.0637147699069263,1.7930389041017682,-1.0,-0.42978046009736176,1.7486482120818174,27.30034487134701,0.1962026089703922
5fee6bfd99e7cf16b867b447,0.3974051121515147,6.966088420333005,10.0,-1.0,-1.0,0.12742156291216641,31.067375805668444,0.10358501983456747
5c095c8a217d6000011193b8,1.0,9.991279753085356,-3.2002849184785163,-1.0,-1.0,0.2601459787381274,22.874653891417964,0.312476047266664
663b3c9c3b0c54e8355f0870,0.8819966233143285,2.060111916218046,-0.08084925717373899,-0.39047152410302327,-1.0,1.8157462336610588,12.384300259764075,0.6426646286071693
66c56756f4458b3bf47ef376,0.44938792110840453,3.263967451543311,-0.3642230348044765,0.906802288927358,1.0,3.499927081136365,15.507352550342421,0.5339087370480036
576b44b2811f2500014b2c72,1.0,-1.5273529378588881,10.0,1.0,1.0,0.0,33.9632318572372,2.8853612282331298e-05
663f6c4016f7bacf9bb68027,0.0,-0.8731895711825598,0.42490965124949376,-0.26324041158873224,-0.3505945825765742,5.27973323829225,23.838009615601976,0.2981433008756653
63614899ad49a91f1ef09067,0.3576378379826533,1.0124826399912434,0.4912004429859324,-0.4287782495228983,1.0,6.071691557714898,23.675945194898002,0.3029149240604443
663b8df565dd08db10006c4e,1.0,1.3647417644481004,0.20531822856897533,-0.07213667435396984,0.2716341660797014,5.280835494780733,19.15614104403075,0.4359904145552511
59ea48b7be399f0001e4a178,0.0,-0.749524339742753,0.6120230183576686,1.0,-1.0,4.179905615161794,23.295549403073046,0.3278325280280533
66329767cb85e95a0d3d9d55,0.5707638842727791,8.760724361052175,2.1445955146214817,0.15907796157628115,1.0,0.49447137712992073,29.545320484879877,0.13010433989772852
660d9c69e00c5f367a748669,0.8056780893897492,3.0657361883583816,1.106317046145639,-1.0,-1.0,1.5433568475716368,20.101211345742588,0.4081649403191061
66a77f3e0b1e5b1186554e27,0.0,0.7048160142833302,-10.0,-1.0,-1.0,6.508321920980719,-0.0004799976000191443,1.0000144268782747
62c5fbbb796500bb5406d772,0.4736289530131029,0.6190072451031018,0.5488418757993262,-1.0,0.8452883130396216,10.0,7.654680034850682,0.7650347037048758
5c2dea19d396500001e2b39d,0.4407454245886024,1.5833880130595326,0.28612946888356083,1.0,-0.01023088711382314,6.0730961123592095,22.7664210857678,0.329693820423936
6643415888ef07b2fb48e9be,0.46422615883453494,0.6329872805019235,0.9359205824000852,-0.7682083878137124,0.2957298657606838,3.519538536629478,26.623078557331848,0.23182033184280093
545f1e11fdf99b3156e7588b,0.0,-2.021483859811616,1.3127961610044474,-1.0,-1.0,2.617283314845572,27.162674896565466,0.18359465894678872
5bed01c8306ec30001fb80e2,0.9211790976112704,2.7812375368444022,1.2293907759034517,-1.0,-1.0,0.9500280101139349,28.498150316926214,0.17771719726524626
65087d8f2ba136783598dcc8,1.0,1.6579574069797411,-0.031156820900194875,-1.0,-0.5044456916175428,1.589064810407092,15.08589017110756,0.5558298176070933
62dc65fdd3bbfeff289f1500,0.36763882630310163,1.471475879374608,0.7132934483905033,-1.0,-0.8559682415435662,1.6211345895943847,15.442594059727911,0.5453274720728403
65cb87707e7981c7adaf9d14,0.0,-1.6990341771757977,0.23366260744652584,-0.1330530011323994,-1.0,4.4951601206401435,23.085419188252366,0.3061412545888623
63bc9e8cd8106f8d94c636d4,0.05361400923307457,0.25430855987177253,0.2992500408951354,-0.603887638836388,-0.3269374980561989,1.3411458017565512,21.360815391558674,0.3579761992761179
614f89a9441723072040d4de,0.4353936005587342,0.27545955527363125,0.1640235262892804,-0.27838862791638624,0.7066271072764747,5.3942155647821854,21.062318260734727,0.36694787282526975
5a94ca1a873cda0001dc7147,0.0,-0.9576622523398263,0.12011739236470151,-1.0,-0.43748797425124886,2.021120545055008,17.1661079226364,0.5046908245729544
6686b4ce7124cd0b5d88857c,1.0,-3.4689933980809524,10.0,1.0,1.0,0.0,33.27010467647725,2.8853612282331298e-05
5e1d70edd727e90dea42d137,1.0,-3.0467640329304677,10.0,1.0,1.0,0.0,33.9632318572372,2.8853612282331298e-05
5a93bb216475f900019fa294,1.0,-0.19228860398698489,10.0,1.0,1.0,0.0,33.9632318572372,2.8853612282331298e-05
657ad57e01c74d995e584ec5,0.0,-0.6855737053295171,0.7613191212090347,-0.19615357995032526,-0.3330903568771675,8.49283450609269,25.13042492884645,0.24467626207751758
66d1c79f00313b08b2288470,0.8107309397132928,-1.2145260290674726,0.16818182416935581,-1.0,0.8744604328184653,5.283085260934433,19.418682893576083,0.4396952497768488
66d1c62a6b6097325ece5c4c,1.0,-4.159370224653183,4.9095415508877505,1.0,1.0,0.0,33.27010467647725,2.8853612282331298e-05
669036ec04e2d3a5271a5c9d,0.0,4.85455142464705,0.5477740035993576,-0.8470881965854513,1.0,2.1381676976908026,6.7762242218416375,0.7963328108166123
66ba9cd5343e159bdc8691ad,0.08693284705457445,-1.1886229601253042,0.272922627458435,-0.3490713200722752,-0.4606576398872871,10.0,9.107129840613121,0.7372237788443111
5bae077b542eed0001384369,0.6602689889418593,1.6678636100465603,0.036316441317710495,1.0,-0.6194391321243987,4.77601490640153,13.93969036162351,0.5895770988522058
633897629c2d1bbec55c547a,1.0,0.7954799881591045,0.07667650342844023,1.0,-0.17751271795090512,5.72188965964518,22.005438258701812,0.3520992520731149
66003348c4bfdd2c0de7ca50,0.0,-0.6688534119911772,0.5038767544957198,0.2177127712919742,-0.6194454899537792,10.0,19.652436157651756,0.4213781186524256
651086350ae1352d3dc86754,1.0,-2.3809250893441076,10.0,1.0,1.0,0.0,33.27010467647725,2.8853612282331298e-05
60787d3b6c8e7d79be863c51,0.6045192463327841,0.3446115817052636,0.5020999153791582,-0.30108795961011114,0.48918779089525866,9.833394493768,22.525171105473625,0.3500609470191567
645d0cb1881552d9f9e509dc,0.0,-0.9743670174839565,0.009503087139684778,0.5404483730175447,-1.0,3.2908496598182193,23.62102702524692,0.30453186632596085
631b428359f449b8159625f8,0.761010222956528,-0.10734920528348141,0.495962995909558,-1.0,0.8209029683218638,6.496226447266181,21.708502045995925,0.36084187251252575
62732854d22b38dbdae3ef9c,0.32906605837354014,1.2945578622929377,0.39106221339842345,-0.8371804471610268,1.0,2.830485476911332,19.37061466418026,0.4177939642711689
612bfa26437162073ed2077b,0.0,-1.117620520111793,0.12327764545044917,0.17728256502710904,-0.8784353938212685,10.0,4.658705444130888,0.865578175175799
5ef11899b242da1e73a5b1e4,0.6794870048950783,-0.2942476544237882,0.5089934997746927,-0.7401805622686086,0.528919460152499,8.625100825780827,20.869912235691352,0.3978216222756038
6642609fdd12bcf328f62bca,1.0,5.799543652576211,0.21330639668666948,-1.0,-1.0,0.40141416844621575,28.025868465443665,0.15765038642287577
614ef0f185fa0c76a6b17335,1.0,-0.9259701683959516,10.0,1.0,1.0,0.0,34.65635903799714,2.8853612282331298e-05
61002fb2e81302c739846b2c,0.22384173687872042,-0.5930195683526853,1.967855004518194,-1.0,-1.0,1.4754255782864671,29.37707988333612,0.15235665073024107
65c10d42d5c2debb4d480be6,1.0,-1.3881355882524689,10.0,1.0,1.0,0.0,33.9632318572372,2.8853612282331298e-05
616cda4e2f5f884cdd46b2eb,0.0,-0.18946294737980265,1.0568970618763622,0.14485797597169917,-0.7262187722065034,1.4636612311810886,32.57853605764111,0.04079811408609979
6579d888be3ef8a0b19f098c,0.4697163235723812,0.6109102430795332,0.34462259319661886,0.4261792372754446,0.2730260423037368,6.688495431022693,29.55734192767552,0.1471553875816619
66b4c443467fd940733ef183,0.0,-0.5079165547880897,0.3084756646763651,0.24419267585987728,-0.32338235275047544,7.044282971806027,25.16996005256585,0.27374846905579875
66575102dbca42e1e3d0f840,0.0,7.186731506128262,0.823732534663339,1.0,1.0,10.0,0.497456695442713,0.9850483685922455
63ea81807f06faf5d0a5d7fb,1.0,0.4562533801352786,0.4948891748351579,0.06682152854535155,-0.6150907131719385,5.507561277729586,18.057726308095802,0.47896415611160037
5ee38ef98c0c440172e022ac,0.0,-0.7834268816641063,0.12954017505125734,0.6129335873336407,-1.0,5.624844091495203,17.836568714239203,0.48534541538983733
663bfb2623da968e49f9b5a2,0.0027342230267406765,0.9561404525963048,-0.14909558138600032,0.9451416003863108,-0.7354382394618484,1.4601889509818455,20.417479069294256,0.398853146923979
60baaa995c09d3162511871d,0.8052245557003778,1.5522168037706208,0.5465045759462002,-0.6615789312946494,0.4883807707377243,2.604907657320494,24.816169256088397,0.28395671360760233
668048bf23b961683549d089,0.6769144021798295,1.7256486192800016,0.7857610331892944,-1.0,-1.0,5.120689400715078,6.57933791962473,0.8022504543963478
59f71f797086f80001941493,1.0,0.6554549654016807,10.0,1.0,1.0,0.0,34.65635903799714,2.8853612282331298e-05
669aed56568d11bad784de3b,1.0,10.0,-1.8623501609476778,1.0,-0.7391282078696086,0.379832647314554,25.80207581779303,0.24031577904140722
6164d593d3783a588b11017b,0.0,-0.3631719407684056,0.5154598392133529,-0.4607402616272088,0.28366498088698255,9.906360318442376,19.8147914358439,0.4165979318216102
666b177e3c36514c396c8832,0.4631890039522402,0.7723374447863992,0.16013851106591548,-0.07838916465281724,0.0772794306801277,2.051968466926375,23.431751691947248,0.31010465376910457
631f6e0b69d34cd131d923f8,0.06416037662748145,-0.9380232901930169,0.3129576311147622,0.5357751783758562,-1.0,6.456838774479667,25.05225390034278,0.26239260275274034
65eba4518da362a6dcc2c3a1,1.0,-4.778260056688882,10.0,1.0,1.0,0.0,33.9632318572372,2.8853612282331298e-05
655cc974613aec120f21293b,0.0,0.7138288936698555,-10.0,-1.0,-1.0,6.661895786650297,-0.0004899975500195432,1.0000144268782747
6362933cc15f7c71629efee1,1.0,1.5668235735063525,-0.18074363499675392,0.12370834595676161,-1.0,3.1008948662966342,9.840820530192318,0.7160539404562649
62aa28c1027ae7d68ef3571c,1.0,10.0,-3.361584470241571,1.0,-1.0,0.28854935158197315,25.361955251719884,0.237717352731165
5c1a7844681a0600018e4d8d,0.0,0.33265131296308104,-10.0,-1.0,-1.0,5.03723377184774,11.512455467320208,0.6539799497675438
66b8e1b9e960cb4198431db0,0.0,0.23549823198923456,-0.5119073336653472,1.0,0.3119200816926627,5.555515891532651,12.565741324542493,0.6300299450201843
64017b47c83e917541f7c592,0.0,-5.344631543177153,5.721656371152221,1.0,1.0,0.0,33.9632318572372,2.8853612282331298e-05
650d966e4ea1f705e98fe6f3,0.8358928199013392,6.370492427396357,2.641595450269995,-1.0,-1.0,0.6203584167478392,28.295036918825822,0.16691613378448678
669302cf3f9b60b7f57fe1eb,0.7371868023998249,9.389595250390634,0.7290159311483996,-1.0,-1.0,0.6499715653405168,18.81333249725797,0.4345437188252239
6413665e5dec6a98797ef5ab,1.0,1.2068808077183493,2.449009260685677,-0.8708500562137004,-0.687386919999969,1.1452099282636818,24.787165054859543,0.2701975489317944
5dd33f6b2091e93579973754,0.23944217349687033,-0.10738786155539382,0.7255535134391349,-1.0,0.4313695010805007,5.495644363942,19.503360994519088,0.4372519562508014
65394a1487ee7f89125a1c67,0.054762085292545844,0.3764666812041206,0.7380084344472628,-1.0,0.7362404982312624,2.1626401360912184,28.79518469384916,0.15219040491228641
66816e03932eb7cb591a933b,1.0,-2.150765374435146,10.0,1.0,1.0,0.0,33.27010467647725,2.8853612282331298e-05
61021d1ed8573fa2e07871ec,0.0,-0.2657867276533399,1.7236268597669993,-1.0,-0.48807859469169435,2.9994653052630325,26.78180089965156,0.19504226366660649
660c359b78f3257373d618de,1.0,10.0,-7.47783542475736,0.7313200405935013,0.7141820590032543,0.33459965474180636,14.212880471839592,0.5815336291128455
66cea089dbff6a0f33e77e9c,0.0,0.22441026869869998,-0.7178763681945981,0.11403264544354993,-0.13703532413536615,1.8448089296105556,10.966191946179455,0.6703985262877168
5e46d70ab1f1c5000d96800d,0.606007988154967,1.2520589310611003,-0.33459738545444556,-0.11877220181912929,0.9839415919023276,2.023520445303813,24.13387360066648,0.30364360477754804
63d13cb81a0a88a3ce29e33f,0.21565228850510937,0.8923908282588426,0.6201395674516471,-0.16549364548372816,0.34745717349917193,8.898797964312573,11.536666683178687,0.6603287385263098
66bd405b2779396e45b338da,0.0,-0.2529974165596065,0.09712588852430921,1.0,-0.7053969003025845,6.827798549721589,21.68310118768708,0.361589743784291
66aa99907df1745fd0f40462,0.009876744516704478,-0.5396721621537555,0.7027796460225465,-1.0,0.22255713351817502,4.452546710177005,23.314858549182876,0.3135463100421676
662a94bd827a5f8f446898e9,0.2702690584465552,1.4037430091766938,1.5199700521787123,-0.931864658389157,-0.07719157094100362,1.975878375089184,25.257960662853264,0.2712093081746616
6605ead02275ff3d41f389e2,0.11449346890122238,-1.1040516466312351,0.42297597737758075,0.15787299405525537,-0.9556921429880011,10.0,15.37253617627513,0.537960797762535
664cd0f96e4b6f2e98b4ff03,1.0,-2.823758062328632,10.0,1.0,1.0,0.0,33.9632318572372,2.8853612282331298e-05
61664d58d18ca2325a81008e,0.7415186372453834,2.706145403101785,3.1481184819600934,-1.0,-1.0,1.1207415168460408,24.845641533680634,0.26847584023783855
62ba10d2cd9577af0d8744bb,0.8271466595473322,-0.18056341360483616,0.5276951578410959,-0.342706947962298,-0.08505343773474894,8.642854817967292,16.629384977138336,0.5201773752089819
60b088283f529f44ae7ccd37,1.0,-5.414228494025047,10.0,1.0,1.0,0.0,33.27010467647725,2.8853612282331298e-05
663bb4b128454eaae0ce66a1,1.0,10.0,-0.8340358108772854,-1.0,-1.0,0.2574419684035676,27.7741532554368,0.16521597569773472
65ccf4a5042e1e6e55c7a5d7,0.0,1.2883416206466392,2.833535975117783,-0.33051001629411036,-1.0,1.0467347755869059,28.012223397067775,0.19173808441553064
65ca661975a7293b28a6efab,0.0,1.1748510357252109,1.3891585574734289,-0.9005548426739606,0.23443751909953764,1.9566528989951797,24.603728937853532,0.26050671404130044
6168225aece426c90ad49ff1,0.16564326996408948,-0.9500679695425082,0.3250892725337301,-0.8267172804221742,0.16458811465386974,10.0,5.900972078888249,0.8226395176117435
668ac157a0f86915fe5e5808,0.0,-0.5745587629934652,0.36314590919856377,-0.1113668485272938,-0.2448302524696403,10.0,10.379235140104198,0.7005185787030241
668a7ab9be5eedd5c545f4e8,0.5033340402169417,5.319975978976773,0.8336980171129931,-0.7196161246298759,-1.0,1.1428153840795428,17.128003303002096,0.5057902914885819
5aee513f3606ab0001b92b29,0.0,-1.4155701301519248,0.4571193828305261,-0.7298011955615613,-1.0,4.827482330061291,12.616413578552374,0.620799222842048
668edb3b608a3d4537e2da08,0.0,-0.4686666578581859,0.5568222663125142,-0.6489567324766927,-0.004698149692148504,4.343858799672123,21.9354136227867,0.36707775093114836
664644d0a094f232d121af39,1.0,-2.44544308068592,10.0,1.0,1.0,0.0,30.49759595343749,2.8853612282220276e-05
66b6cb18cc43c649a5917319,0.5629620155054001,5.95421045653227,0.503215385630165,-0.7900957730616406,-1.0,7.604954346873714,2.088689976110324,0.9372220276981489
559c3b0efdf99b32b6963e81,1.0,-3.187998613375849,10.0,1.0,1.0,0.0,33.9632318572372,2.8853612282331298e-05
6681626264589a3dbb6f2551,1.0,-3.71375689792671,10.0,1.0,1.0,0.0,33.27010467647725,2.8853612282331298e-05
5dee8ee31255595293a9906b,0.1347795707752761,-0.05344102726578147,0.2577566641286241,-0.08825304775373537,0.5116255713358798,8.59139054388063,22.299379809746398,0.3297665694495707
66cc2205428c17bde1054397,0.0,-0.019662713882036054,0.5856908061188626,-1.0,0.34819972735314286,3.8665454671036716,14.864195664560324,0.5532395547486582
667c86aff3f5260903ac19a4,0.7982773196248443,0.08854820140116045,0.08292263578875171,0.506423371012764,-0.6575416900263704,6.7157706665027845,12.990748790768048,0.617516553920911
609e15bbf246a639a4123518,0.0,-0.23859066006004503,0.39448522969358213,-0.6041950165972265,0.3368976341282818,5.706733146104111,14.249035043224554,0.5888597561137376
66a03e153d69e0253ca5025d,0.0,0.5282670390074546,-0.4347314613701349,1.0,0.27850209827537764,5.685363400394209,10.101143920871392,0.7085425951610629
57c9c13079ad9b0001e416be,1.0,0.7131247061942534,0.6935962084629624,-0.5577209318069619,0.10418853068041128,3.603976649142381,26.018635293390506,0.23393967125565218
5bfc57bf58770b00011e27cf,0.9937673942334231,2.1344752296499174,1.5743329198319165,0.1736019094971388,-0.4621626042793357,0.8387163762181968,28.43841411493419,0.14525085386745296
60e7739644eb45bfddedf039,0.0,0.5987755039324526,-10.0,-1.0,-1.0,5.896403756675005,-0.0004899975500195432,1.0000144268782747
66417f61aaa1d435bca01069,0.8219290946390178,10.0,-5.274712092435478,1.0,0.8589620624272994,0.25638045643591395,22.434095319736148,0.3394784068446195
63026a8fd8429b224cd2a134,0.9996660607009622,1.39324092420483,0.4824368479424474,-0.870418626380378,-0.18561141795816266,2.0889248579890114,21.162452863695727,0.376919065316321
652c8a9f34ac384b7831f26e,1.0,-1.570062240879411,10.0,1.0,1.0,0.0,33.27010467647725,2.8853612282331298e-05
66560f9399a64ba214126618,1.0,7.495386036410225,-9.894416281188231,1.0,1.0,0.38743479454926116,7.31023053767503,0.7890713331108234
5f4d953dc185c2a72d7d56ab,0.33369605324374885,10.0,4.33739388667952,-0.03416157956002858,-1.0,0.3990696097788726,29.3556383539017,0.15297532249392332
5f888f1504ea37030833e9ec,0.20407442847423998,-1.2576279137111495,0.2570179536086848,-1.0,0.28967932459068607,7.254981929656377,13.569777957510484,0.6084589726947052
66841ecdf9957aba7d54d297,0.0,-0.33589070531640797,0.3105823979636014,0.2372439257103122,-0.33347735657245986,6.513255182309534,20.021585595695743,0.4105093418439969
5f2047f472c1fd2eaf643c64,0.7246557156322382,0.5259788966694101,0.28803324531340635,-1.0,0.2924644712289535,4.368114067991177,8.951850267761449,0.7252172342961707
610971868fe9338237d6b193,0.36902236490760304,0.8066422868077723,0.1739504713601579,-0.35809938257680596,1.0,4.765401914470777,19.99390839342744,0.41132423495538795
55b47001fdf99b615b12d66c,1.0,1.5533448786484207,0.7157860471235521,-1.0,0.25195684551645925,2.013726838200074,25.519497793176544,0.23298223099598647
5aee59100ccc2e000185937c,0.2038313304798335,1.1645190858131005,-0.5147961463539571,1.0,1.0,7.239566846751608,12.357525871272394,0.6361603817930255
616349563b1d211973ad2725,1.0,1.7505960165730876,10.0,1.0,1.0,0.0,33.9632318572372,2.8853612282331298e-05
66a2aab9918d06137520268f,0.5964995118330005,-0.019994087253541952,-0.1028070827099069,-1.0,0.8921477351145269,2.9477815803633787,15.300672046132222,0.558515926335533
62ab399e15b98baaf3099d60,1.0,10.0,-2.562309151828983,1.0,0.15700286025175084,0.43021103079982126,23.694852489390442,0.28782403789501865
6165ab1d62dc48b90438ea1d,1.0,2.696347129358251,-0.03142915721382765,-1.0,0.5380269286922278,1.1951502233315077,24.689588752524394,0.28760905490290256
66bfb8edfd1b3b2ccc94418b,1.0,-2.5290597503383703,10.0,1.0,1.0,0.0,33.9632318572372,2.8853612282331298e-05
63d4409d5b0e57d3d3a3819d,0.0,0.0620463830308707,0.6203275838880099,-0.4422302269994689,0.12285428436810333,10.0,8.901910751267627,0.7379032143818377
636590165e6fcc3e84ee2b6d,0.12356480525823552,-0.5625968412257676,0.19812092812915597,0.59952161502722,-0.5948527457013176,9.050897405817638,21.946681246481834,0.36675263603459685
5cd08e2ff59e0a0013563602,0.5880420423192037,3.116625419148517,-0.3307847660097,0.18106559133187727,1.0,1.5509984573921578,24.49821644224131,0.278704992411306
5e56457f6370ba0184e041b4,0.0,0.48938354111231075,-10.0,-1.0,-1.0,5.751195821227107,11.512435467420207,0.667821328851973
66c69625d9527f93c31cc4de,0.9519403226734241,0.15417262931658038,-0.27727091737625437,1.0,-0.27131210108812986,5.365342036122056,23.643683796987716,0.3038647885252874
667276ecddde99f604ca82af,0.0,0.5811915225259362,0.7250187265740076,-0.9900634610735006,1.0,3.0799394472908497,25.442647495885677,0.2508983393999945
5cb5f1e080ba1c0001790399,1.0,10.0,-5.769348246098589,1.0,-0.9703090166806795,0.6658787034838104,7.669396664003575,0.774191825841463
663f5fb67d8156c7438142bb,0.0,-0.7795951926504511,0.9681027992459577,-1.0,-0.675557963533614,2.890334039730085,22.75207013248343,0.33011635203894396
666e123eb6aff45cf5be575e,1.0,-4.352272630986124,10.0,1.0,1.0,0.0,33.9632318572372,2.8853612282331298e-05
648173706e240648a2a8de02,1.0,0.3994913524842454,0.422311142092392,-0.6676837998224218,0.06769545931851685,1.8959549972168739,28.04703497755105,0.1742179944132204
6685c72e8f6043ea0f2d2438,0.36262663198667233,-0.031445554677514746,0.7369038408572308,-0.21871294306913394,-1.0,1.853861873944124,25.49256213944107,0.24942871473213524
611131e47725f6a04c723651,0.6641226981590599,9.770342125774548,-4.8084721213110395,0.6759848737991464,-1.0,0.28547410561669073,16.786438175823733,0.4954643518656233
6646b6d3fb99fba5a67a1759,1.0,-10.0,-6.264904931671037,1.0,-1.0,0.30690047021092687,19.705019970240976,0.40774302933990314
60fcc085e84772374cdbb26d,0.7465507984226466,1.8989968441866139,0.6132559036554012,0.37893818065982643,-1.0,1.550704246575484,25.393413375185872,0.2523479275995075
655f8cc7380061ec28e9efcc,0.5679309727757699,1.190145869439793,0.03667794720219328,0.5542859591196074,0.5626481279573156,10.0,18.46859484933152,0.4562336693608564
668b357b0991d87c8cc0b543,0.0,-0.7199762153584466,0.6255384488702534,-1.0,1.0,4.080837633941351,27.87651815036903,0.16213928140023792
612f2a33146dee3693036229,0.2805662653337699,2.85432191639451,0.40520096957623963,0.3411080315906931,1.0,3.314626255588629,21.00182610798469,0.3816483596815944
5c0ec45b05ed100001f7861e,0.0,-0.509539361517035,0.4093081629217192,-0.9009297264488461,0.5514581928881854,10.0,8.613469673569302,0.7411122920227935
663f6499a07afa04b277d7e2,1.0,-2.5697766915158313,10.0,1.0,1.0,0.0,33.9632318572372,2.8853612282331298e-05
66d916af0cf8c145a0aa3220,0.554548076798375,1.15691882716387,0.051067989423173116,1.0,-0.40670850181378604,7.563983016635283,15.539255346039004,0.5424814974114738
66a7aa507a8584ba28c99afa,1.0,0.3388894023965288,-0.2051925050963157,-1.0,0.3789154565785407,2.615811829475397,11.79818142752808,0.6526290237346319
6552cf1b52e2b9a5e055b247,0.32497701500843057,7.012576349451575,0.1978162128400057,-1.0,0.2537256518075561,0.44179901095987917,24.12513189251237,0.2896896297526578
652014a6230cfe011fd5ec48,0.16924860069409153,3.9130325694230836,0.6247558804411297,0.19756503957264265,-1.0,4.459104892361106,4.45224647675289,0.8715353217434649
63d3f95bba922834f0e8ac39,1.0,0.7893113388149594,0.9081921408075657,-1.0,-0.4070862140524653,3.0143466717775276,20.498200081385622,0.3964764978660248
66a5b82df8938d1d1e6bb764,0.9626252766977733,3.1402409253640164,-0.09473794548898468,-1.0,-1.0,0.8032716903923034,19.04481457696671,0.3755486467081883
663fce6f3e24dde218c1bd5f,1.0,2.9679924638542166,-0.01984421566838549,1.0,-0.9320994953806833,1.8265087301772818,23.22371776078849,0.3162297460307246
5df4565dfeea89323021ef27,1.0,0.013289174286256866,10.0,1.0,1.0,0.0,33.27010467647725,2.8853612282331298e-05
663abe1a8ff8f916368ac386,0.8929531761655441,4.608661602254562,-2.7485983605837903,-1.0,-1.0,0.46614734044711786,16.73805172339041,0.5170419156904338
60919a2ba53124c1accb4477,0.24678884128200235,-0.8435105738631694,0.31591548950633214,0.08182715951862503,-0.44013384055506555,6.370684825475848,22.670005794894884,0.3186269804746059
5e8fb6ba9b5ff02b5150ab10,0.5030427768127063,0.5610372855798539,0.18213484190714327,0.5623950191178202,-0.07210813283524216,6.542082239337076,22.133919933705034,0.36135006952420745
65ee5d07466760163e01c72f,0.6291363196369666,0.38780720457890305,0.03189427616909409,0.7427771978349954,-0.3235503311662905,10.0,12.602853736166724,0.6289372533425168
66a033c8b362a165e95fc7bf,0.5947345647996839,0.33572656652721083,0.5481295853869741,-0.19895701884733613,0.09432202696644572,5.499807724182696,25.539069654745084,0.26309821720362914
5f60fa0a0543ce036fa68ba0,0.7469506394112507,3.636568639179502,0.09017608668593491,-1.0,1.0,1.1793078799119092,24.07877818590531,0.29105441062304194
5f32e865bd94490a64d9c9f5,0.0,-0.045305794306914005,1.5922752541928153,-0.6880286375921134,-0.362239918087188,5.471258334899828,21.085640544017878,0.37918063169751315
5981b8259c83ca00012bddcb,1.0,5.688529893116718,4.1484160875013645,-1.0,-1.0,0.4563787244121361,27.630230636078295,0.20276006565423077
64307c41aa1212bc732f9dfc,0.8153118138538992,0.5206222360496229,0.13259728530311932,-0.6072564361339386,0.29828828462594187,5.619877194391624,8.608173415602261,0.7465516510652737
6104414bc2058f70c1906eb3,0.0,-0.7415942594173579,0.42789424596571674,-0.1970363006860693,-0.204856436648251,10.0,16.691304252693737,0.5183907625733977
608418128f63e731da705bf5,0.04283401270032803,0.4635138413376932,0.29944959317344944,-0.07382453833709508,0.7250641482292237,10.0,12.979788682508014,0.6098775674158123
665e54d4154b23ebf869d4ec,0.8482606919213633,7.963304010143236,-0.17500702571414833,-1.0,-1.0,0.5409522359422614,20.79871804446761,0.39987585240797563
5b4eed90995d4e00010949b7,1.0,-2.1726223796627027,10.0,1.0,1.0,0.0,34.65635903799714,2.8853612282331298e-05
5ae5b7e26735bd0001d7dfe3,0.28762241559218626,-0.1668436319033995,0.889330103998164,-0.6458228007432724,0.21354360827412983,10.0,18.698861235679793,0.437984283854456
63df15ad4c036f01da62efd6,0.5292284491519321,0.8843090620425962,0.27843821873986263,0.372244839058269,0.30200210383746,6.174989637191882,25.721027370502448,0.25784802732013645
6689bcc572b8a0394c4b79a2,1.0,1.6332898166215992,-1.0735645179937816,1.0,-0.42012404889901855,0.9625579842892902,27.444035604807837,0.20813251861927184
5e405a1cfce14d29997364da,0.0,-0.4244712340768424,-10.0,-1.0,-1.0,6.0212894592139,-0.0004799976000191443,1.0000144268782747
6101ea2ab4b86beb9f2bff48,0.040926687641054636,-0.7606351495752752,0.4955788149410299,0.1038567944892735,-0.5270784392015868,9.070627644373813,24.49610373545599,0.263741512911584
66ce788d525a8b846a74c78f,0.5214411844845173,6.8035555952970075,0.84781530277192,0.9521785107922828,-1.0,0.8674814226951901,24.062566765079907,0.3057010851391926
62fbd2c1d97aa039e9466d81,1.0,0.6489020026081018,0.4896696604411193,0.09765150546171847,-1.0,2.309095576944231,25.380597818568262,0.26767074784708655
66a273f25c07d3802dda6dac,0.8431576806487154,4.3114612097247,-0.3119152874487311,-1.0,-1.0,1.3387416850897547,9.810470596066924,0.7111527086176991
5eaf585e8a9edb65a576c008,0.4624760810916875,1.198120831234938,0.7880852106107338,-0.8700952445308036,0.1461280116484467,2.337169631565323,18.891059846389382,0.44379513556076355
660dfa1d1b035ba808f2b45f,1.0,8.078300411878992,-8.234856010498103,-0.8615504508741945,-0.8559801276620479,0.02294989662003125,33.61805936833968,0.010191682958889503
654a2cd129403e4f45596b55,1.0,2.553985318126415,-2.818535792725585,1.0,0.9174416588368367,1.0562892149891643,14.59960100977102,0.5701475106988949
595fdaa1d82b180001c6e460,0.9163838477331094,3.1349291745627017,1.3418848201089006,-1.0,-1.0,0.8551525324958614,24.519723050624886,0.21390038113094823
66b2121c3e411fc235a28b0b,0.0,-0.6461072441741812,0.566304720221948,-0.06769460706205074,-0.3796378253481581,8.049429656318223,20.891902794379053,0.2823656058051206
66657150b72745f04a4f9814,1.0,-0.036518815786526417,-0.14057890581320778,0.7472873490581751,-0.41678725550533824,10.0,7.631907041367107,0.7752956236509003
66d8b0d36ce7d36e6f850028,1.0,0.5892772842509248,-0.04056904353150684,-0.07243515493326623,0.030753345100304665,5.312982797370312,12.435131195134282,0.6338754671831861
66cca28dc44a6ee1146cb5d8,0.0,0.46464883778745003,-10.0,-1.0,-1.0,5.516259660383636,11.512435467420207,0.667821328851973
5f4143f294d6482bd9689da0,0.0,-0.07329638712835305,0.22582486589970702,0.004027720457366021,0.3094996094616956,10.0,12.066465770943946,0.6518353934240549
63fcb3abff7248e2177ddb48,1.0,-0.11789647707804388,0.13371358182909654,0.13485722063989838,-1.0,1.9519143587486314,21.330727427379177,0.35888052754095545
664652484459d88ac575bda5,1.0,4.665289342200758,-1.2629220870787008,1.0,-1.0,0.7123100721509255,24.561936360471723,0.2768289024105537
614a2938ccbb6e48eb2dcbd1,0.49064318118237177,1.8649513998380312,2.012787739758737,-1.0,0.6880403604765228,1.7917371949385017,26.12527737247126,0.24618383785774134
60079f45348bb62bdcd363ff,0.9836036494467101,2.1998519469069473,-1.2139148918241323,0.9636987945528644,0.8027044353449054,1.9550467253895905,23.448541496332496,0.32341810934324067
66b5846536417ae489c10760,0.0,-1.0136934679995662,0.7952721380531207,0.12875127155814492,-1.0,6.504814425270974,25.743623466330707,0.2420367773594274
65ddff50a1e697abbe4a5614,0.0,0.5774510504885878,-10.0,-1.0,-1.0,6.04129638878201,-0.0004899975500195432,1.0000144268782747
5a5bff49acc75b00017a6009,1.0,1.5043750131527347,0.2951080254386296,-1.0,0.8122991869973426,2.880653673219923,19.220530071680656,0.42230492879852344
664111b80f16ecedfa33dc04,0.8564043869382952,1.5948520365656986,0.5418921879580504,-0.5854998709558418,0.06740106401909256,3.696934915816801,19.556921444644146,0.42419033503585446
63929d48d18e60dd8b5e4463,0.0,1.3314257155542872,-10.0,-1.0,-1.0,6.238677701277013,-0.0004899975500195432,1.0000144268782747
65fce899eed934d69c9e6166,0.23162438065165178,-0.8737806116175966,0.33228954180266107,0.14803619304446342,-0.5623230479984127,9.700606427028188,18.0099662813374,0.469736958353818
5be9ce784f251d00015ce92e,1.0,0.19510782441664953,10.0,1.0,1.0,0.0,33.27010467647725,2.8853612282331298e-05
667ed37f6c7376b1e1d7c0ef,0.04426653601495266,-2.0454586688558254,0.2441024677629584,-0.2828207707217236,-1.0,10.0,15.117787493854873,0.5637928590680477
666a329546289969883df980,0.0,0.7690620914040722,0.13156467698768604,-0.1422342613432848,1.0,10.0,4.111800729124204,0.8789372546728345
606be651a89a7baf6141e8b9,0.0,-1.5279446032947472,0.42354091714154196,-1.0,-0.27245356337500415,4.318794083887359,21.82973541387172,0.3572724280507976
5f244e0d0d7f44018faa3938,1.0,-1.7685850402864436,10.0,1.0,1.0,0.0,33.9632318572372,2.8853612282331298e-05
65108d02742b73e5f03efb63,0.0,-0.4950957037095094,0.231583237119774,0.43167982867963817,-0.4772131749050053,10.0,14.091739163443405,0.5933983558279883
6170c67b4478c864785f0925,0.805820432496202,0.708221082046005,0.5858131232237624,-0.8874214633338852,0.40626817394364423,1.8202885010496155,27.468515019774667,0.1744022833413974
66d859d30bec55055f840c5f,0.3694230405367383,1.026617857282638,-0.042693384392420895,-0.3941962948858449,1.0,4.431404177761205,11.751810186158533,0.6609144344592136
